{
  "n_anchors": 6,
  "anchors_used": [
    "RDX",
    "TATB",
    "HMX",
    "PETN",
    "FOX7",
    "NTO"
  ],
  "a_rho": 1.3919790559400185,
  "b_rho": -0.41487704646509904,
  "c_hof_kJmol": -206.6542859700803,
  "fit_residual": {
    "rho_rms_g_cm3": 0.05035447900665193,
    "hof_rms_kJmol": 53.83274961981937,
    "per_anchor": {
      "RDX": {
        "rho_DFT": 1.6322317118455567,
        "HOF_DFT_kJmol": 240.4102987373626,
        "rho_exp": 1.82,
        "HOF_exp_kJmol": 70.0,
        "rho_cal": 1.8571553108650392,
        "HOF_cal_kJmol": 33.7560127672823,
        "rho_residual": 0.03715531086503909,
        "HOF_residual_kJmol": -36.2439872327177
      },
      "TATB": {
        "rho_DFT": 1.6628738625917803,
        "HOF_DFT_kJmol": 82.94079162228445,
        "rho_exp": 1.94,
        "HOF_exp_kJmol": -141.0,
        "rho_cal": 1.8998085429327394,
        "HOF_cal_kJmol": -123.71349434779586,
        "rho_residual": -0.04019145706726057,
        "HOF_residual_kJmol": 17.28650565220414
      },
      "HMX": {
        "rho_DFT": 1.6890885115141654,
        "HOF_DFT_kJmol": 377.9019101574031,
        "rho_exp": 1.91,
        "HOF_exp_kJmol": 75.0,
        "rho_cal": 1.93629878519152,
        "HOF_cal_kJmol": 171.2476241873228,
        "rho_residual": 0.02629878519152018,
        "HOF_residual_kJmol": 96.2476241873228
      },
      "PETN": {
        "rho_DFT": 1.6261144496338866,
        "HOF_DFT_kJmol": -307.15581432250656,
        "rho_exp": 1.77,
        "HOF_exp_kJmol": -538.0,
        "rho_cal": 1.848640209986701,
        "HOF_cal_kJmol": -513.8101002925869,
        "rho_residual": 0.07864020998670096,
        "HOF_residual_kJmol": 24.189899707413133
      },
      "FOX7": {
        "rho_DFT": 1.61301125085198,
        "HOF_DFT_kJmol": 41.630803530310914,
        "rho_exp": 1.89,
        "HOF_exp_kJmol": -134.0,
        "rho_cal": 1.8304008317164686,
        "HOF_cal_kJmol": -165.0234824397694,
        "rho_residual": -0.05959916828353129,
        "HOF_residual_kJmol": -31.023482439769396
      },
      "NTO": {
        "rho_DFT": 1.6541724215941456,
        "HOF_DFT_kJmol": 7.197726095627331,
        "rho_exp": 1.93,
        "HOF_exp_kJmol": -129.0,
        "rho_cal": 1.8876963193075338,
        "HOF_cal_kJmol": -199.45655987445298,
        "rho_residual": -0.04230368069246615,
        "HOF_residual_kJmol": -70.45655987445298
      }
    }
  },
  "loo_residual": {
    "loo_rho_rms_g_cm3": 0.07797133315174161,
    "loo_hof_rms_kJmol": 64.59929954378325,
    "per_anchor": {
      "RDX": {
        "rho_pred": 1.867470174575212,
        "rho_err": 0.047470174575211965,
        "HOF_pred_kJmol": 26.507215320738766,
        "HOF_err_kJmol": -43.492784679261234,
        "fit_a": 1.2205322592627152,
        "fit_b": -0.12472128432389454,
        "fit_c": -213.90308341662384
      },
      "TATB": {
        "rho_pred": 1.8872633358448063,
        "rho_err": -0.052736664155193624,
        "HOF_pred_kJmol": -120.25619321735502,
        "HOF_err_kJmol": 20.74380678264498,
        "fit_a": 1.1660706870004809,
        "fit_b": -0.05176513150273408,
        "fit_c": -203.19698483963947
      },
      "HMX": {
        "rho_pred": 1.9829598484277302,
        "rho_err": 0.07295984842773029,
        "HOF_pred_kJmol": 190.49714902478735,
        "HOF_err_kJmol": 115.49714902478735,
        "fit_a": 2.197330161765462,
        "fit_b": -1.7285252838138743,
        "fit_c": -187.40476113261576
      },
      "PETN": {
        "rho_pred": 1.877891936103921,
        "rho_err": 0.107891936103921,
        "HOF_pred_kJmol": -508.97212035110425,
        "HOF_err_kJmol": 29.02787964889575,
        "fit_a": 0.8322494502980757,
        "fit_b": 0.5245590792743609,
        "fit_c": -201.8163060285977
      },
      "FOX7": {
        "rho_pred": 1.7813780982752652,
        "rho_err": -0.10862190172473474,
        "HOF_pred_kJmol": -171.22817892772326,
        "HOF_err_kJmol": -37.22817892772326,
        "fit_a": 2.322227396323631,
        "fit_b": -1.9644008190314517,
        "fit_c": -212.85898245803418
      },
      "NTO": {
        "rho_pred": 1.8782305819310994,
        "rho_err": -0.05176941806890056,
        "HOF_pred_kJmol": -213.54787184934358,
        "HOF_err_kJmol": -84.54787184934358,
        "fit_a": 1.2862836244246771,
        "fit_b": -0.2495043159403633,
        "fit_c": -220.7455979449709
      }
    }
  },
  "note": "6-anchor calibration extending RDX/TATB with HMX/PETN/FOX-7/NTO. ZPE unit-bug-fixed pipeline (commit 4abe43d)."
}