{
  "id": "L1",
  "smiles": "O=[N+]([O-])c1noc([N+](=O)[O-])c1[N+](=O)[O-]",
  "name": "trinitro-isoxazole",
  "predicted": {
    "rho": 2.0,
    "HOF": 144,
    "D": 9.56,
    "P": 40.52,
    "MW": 204,
    "nNO2": 3,
    "comp": 0.831,
    "xtb_gap": 2.61
  },
  "errors": [],
  "formula": "C3N4O7",
  "n_atoms": 14,
  "opt": {
    "atoms_opt": [
      [
        "O",
        2.665959493482369,
        0.8287751065878274,
        -0.5262838715490992
      ],
      [
        "N",
        2.35661757701525,
        -0.35356246738264585,
        -0.6457735008938598
      ],
      [
        "O",
        3.074602419226698,
        -1.2889675345049514,
        -0.9534930404684343
      ],
      [
        "C",
        0.9460243221683327,
        -0.6424067289301054,
        -0.3799438213773601
      ],
      [
        "N",
        0.4876347934804975,
        -1.867779599502076,
        -0.48560024598216667
      ],
      [
        "O",
        -0.8496898344120152,
        -1.7825855238596693,
        -0.17503558072205622
      ],
      [
        "C",
        -1.1557805306146562,
        -0.5065557168070709,
        0.10809385728847003
      ],
      [
        "N",
        -2.524634038746382,
        -0.19337046804717192,
        0.46479864629737033
      ],
      [
        "O",
        -3.3227958071968473,
        -1.11772956254727,
        0.4807563641671444
      ],
      [
        "O",
        -2.726531004950399,
        0.9916127820077332,
        0.71512435476757
      ],
      [
        "C",
        -0.056043443367518604,
        0.2865484712101307,
        -0.0014917093806286169
      ],
      [
        "N",
        0.06126841307038798,
        1.7303694972164658,
        0.21906877631741073
      ],
      [
        "O",
        -0.14908630969051176,
        2.4350919907653195,
        -0.7539011554643213
      ],
      [
        "O",
        0.36142751589502425,
        2.0708145076430955,
        1.351216346353097
      ]
    ],
    "E_b3lyp_631gss_hartree": -859.4481004971775,
    "backend": "gpu",
    "elapsed_s": 51.70897698402405
  },
  "freq": {
    "freqs_cm1": [
      0.002606908039613101,
      0.011979910441833141,
      0.013890855171020535,
      0.017061372764382018,
      0.02442760370684935,
      0.026733825017907636,
      0.03163958732507455,
      0.05386760685061679,
      0.054560752903372964,
      0.061202462694889374,
      0.07154968515240952,
      0.0910967189794322,
      0.09628110674648739,
      0.10599948391483069,
      0.11214203516184332,
      0.11849526414994661,
      0.1318452012236092,
      0.1474207446364287,
      0.14838419465464112,
      0.1516423578544939,
      0.15698131463945977,
      0.16388510696984732,
      0.16601412032876933,
      0.19586789365459745,
      0.20103267126743588,
      0.22502718970777097,
      0.24710331240769082,
      0.26787213898482354,
      0.2714406210113393,
      0.27418796537244106,
      0.2817481695862454,
      0.2898164542349167,
      0.3203511358595281,
      0.32616935317309753,
      0.32887917438557507,
      0.3301160493357688
    ],
    "freqs_wavenumber": [
      13.400777248866104,
      61.58257554654566,
      71.40576234930515,
      87.7037672603468,
      125.569782679272,
      137.42488366728642,
      162.64289171178348,
      276.90574019701285,
      280.4688485663034,
      314.610472327199,
      367.80023628921094,
      468.2815122727159,
      494.93179091022546,
      544.8889837511218,
      576.4646894339265,
      609.1233813351748,
      677.7485611620332,
      757.8144417506769,
      762.767044177879,
      779.5155902018346,
      806.9604288879235,
      842.4492845691099,
      853.3934503583291,
      1006.8563881752448,
      1033.4058610672193,
      1156.7493745041038,
      1270.2313993108432,
      1376.993285212193,
      1395.3370211734423,
      1409.459709526698,
      1448.3228420521427,
      1489.7977555183409,
      1646.7608936876459,
      1676.6693649570088,
      1690.599166047366,
      1696.9573058207616
    ],
    "ZPE_kJmol": 7245.48679232994,
    "n_imag": 0,
    "min_real_freq_cm1": 13.400777248866104,
    "backend": "gpu"
  },
  "sp": {
    "E_wb97xd_def2tzvp_hartree": -859.9916264438082,
    "backend": "gpu",
    "elapsed_s": 4.556651592254639
  },
  "HOF_kJmol_b3lyp": 7342.184268372064,
  "HOF_kJmol_wb97xd": 7305.330361083971,
  "rho_dft": 1.801338352142783,
  "kamlet_jacobs_dft": {
    "D_kms": 13.184593420993806,
    "P_GPa": 77.14423973943148,
    "N": 0.026953649524145567,
    "M": 33.81818181818182,
    "Q": 9477.755673983695
  }
}