{
  "B3LYP_631Gss": {
    "H": -0.5002744298818904,
    "C": -37.844699959936136,
    "N": -54.5828803080243,
    "O": -75.0594159654478
  },
  "wB97XD_def2TZVP": {
    "H": -0.5050507998797698,
    "C": -37.872808617501015,
    "N": -54.61692576135562,
    "O": -75.10355614382661
  }
}