{
  "n_anchors": 6,
  "anchors_used": [
    "RDX",
    "TATB",
    "HMX",
    "PETN",
    "FOX7",
    "NTO"
  ],
  "a_rho": 1.3954825764164855,
  "b_rho": -0.42060830460861454,
  "c_hof_kJmol": -206.6543510327915,
  "fit_residual": {
    "rho_rms_g_cm3": 0.05033552029175311,
    "hof_rms_kJmol": 53.83286350088774,
    "per_anchor": {
      "RDX": {
        "rho_DFT": 1.6322317118455567,
        "HOF_DFT_kJmol": 240.4102987373626,
        "rho_exp": 1.82,
        "HOF_exp_kJmol": 70.0,
        "rho_cal": 1.8571426099463135,
        "HOF_cal_kJmol": 33.7559477045711,
        "rho_residual": 0.037142609946313465,
        "HOF_residual_kJmol": -36.2440522954289
      },
      "TATB": {
        "rho_DFT": 1.6628738625917803,
        "HOF_DFT_kJmol": 82.94079162228445,
        "rho_exp": 1.94,
        "HOF_exp_kJmol": -141.0,
        "rho_cal": 1.899903197416596,
        "HOF_cal_kJmol": -123.71355941050706,
        "rho_residual": -0.04009680258340387,
        "HOF_residual_kJmol": 17.28644058949294
      },
      "HMX": {
        "rho_DFT": 1.6889305582069858,
        "HOF_DFT_kJmol": 377.9023039274416,
        "rho_exp": 1.91,
        "HOF_exp_kJmol": 75.0,
        "rho_cal": 1.936264862146603,
        "HOF_cal_kJmol": 171.2479528946501,
        "rho_residual": 0.026264862146603063,
        "HOF_residual_kJmol": 96.2479528946501
      },
      "PETN": {
        "rho_DFT": 1.6261153638294672,
        "HOF_DFT_kJmol": -307.15583587250876,
        "rho_exp": 1.77,
        "HOF_exp_kJmol": -538.0,
        "rho_cal": 1.8486073528585614,
        "HOF_cal_kJmol": -513.8101869053003,
        "rho_residual": 0.07860735285856135,
        "HOF_residual_kJmol": 24.18981309469973
      },
      "FOX7": {
        "rho_DFT": 1.6130117370145316,
        "HOF_DFT_kJmol": 41.630820882423905,
        "rho_exp": 1.89,
        "HOF_exp_kJmol": -134.0,
        "rho_cal": 1.8303214699504546,
        "HOF_cal_kJmol": -165.0235301503676,
        "rho_residual": -0.059678530049545264,
        "HOF_residual_kJmol": -31.023530150367606
      },
      "NTO": {
        "rho_DFT": 1.6541724356156637,
        "HOF_DFT_kJmol": 7.197726899745248,
        "rho_exp": 1.93,
        "HOF_exp_kJmol": -129.0,
        "rho_cal": 1.887760507681465,
        "HOF_cal_kJmol": -199.45662413304626,
        "rho_residual": -0.042239492318534966,
        "HOF_residual_kJmol": -70.45662413304626
      }
    }
  },
  "loo_residual": {
    "loo_rho_rms_g_cm3": 0.07794896758495037,
    "loo_hof_rms_kJmol": 64.59943620106529,
    "per_anchor": {
      "RDX": {
        "rho_pred": 1.8674532710421827,
        "rho_err": 0.047453271042182665,
        "HOF_pred_kJmol": 26.507137245485325,
        "HOF_err_kJmol": -43.492862754514675,
        "fit_a": 1.223815089322549,
        "fit_b": -0.13009652718518436,
        "fit_c": -213.90316149187728
      },
      "TATB": {
        "rho_pred": 1.8873547525492749,
        "rho_err": -0.052645247450725075,
        "HOF_pred_kJmol": -120.25627129260846,
        "HOF_err_kJmol": 20.74372870739154,
        "fit_a": 1.1688187094197522,
        "fit_b": -0.05624332945308826,
        "fit_c": -203.1970629148929
      },
      "HMX": {
        "rho_pred": 1.9826126795331855,
        "rho_err": 0.07261267953318562,
        "HOF_pred_kJmol": 190.49754347358012,
        "HOF_err_kJmol": 115.49754347358012,
        "fit_a": 2.197340469044822,
        "fit_b": -1.7285427854214859,
        "fit_c": -187.40476045386148
      },
      "PETN": {
        "rho_pred": 1.877859558577971,
        "rho_err": 0.10785955857797092,
        "HOF_pred_kJmol": -508.9722242863603,
        "HOF_err_kJmol": 29.0277757136397,
        "fit_a": 0.8347090285834753,
        "fit_b": 0.5205263828712118,
        "fit_c": -201.81638841385157
      },
      "FOX7": {
        "rho_pred": 1.7811257127727473,
        "rho_err": -0.10887428722725256,
        "HOF_pred_kJmol": -171.22823618044112,
        "HOF_err_kJmol": -37.228236180441115,
        "fit_a": 2.3304185907396344,
        "fit_b": -1.9778668262471473,
        "fit_c": -212.85905706286502
      },
      "NTO": {
        "rho_pred": 1.8782987596982355,
        "rho_err": -0.051701240301764484,
        "HOF_pred_kJmol": -213.5479489596555,
        "HOF_err_kJmol": -84.54794895965551,
        "fit_a": 1.2892066904153296,
        "fit_b": -0.25427141139809933,
        "fit_c": -220.74567585940076
      }
    }
  },
  "note": "6-anchor calibration extending RDX/TATB with HMX/PETN/FOX-7/NTO. ZPE unit-bug-fixed pipeline (commit 4abe43d)."
}