{
  "n_anchors": 6,
  "anchors_used": [
    "RDX",
    "TATB",
    "HMX",
    "PETN",
    "FOX7",
    "NTO"
  ],
  "a_rho": 1.3919790559400185,
  "b_rho": -0.4148770464650988,
  "c_hof_kJmol": -206.6542859700803,
  "fit_residual": {
    "rho_rms_g_cm3": 0.05035447900665193,
    "hof_rms_kJmol": 53.83274961981937,
    "per_anchor": {
      "RDX": {
        "rho_DFT": 1.6322317118455567,
        "HOF_DFT_kJmol": 240.4102987373626,
        "rho_exp": 1.82,
        "HOF_exp_kJmol": 70.0,
        "rho_cal": 1.8571553108650394,
        "HOF_cal_kJmol": 33.7560127672823,
        "rho_residual": 0.037155310865039315,
        "HOF_residual_kJmol": -36.2439872327177
      },
      "TATB": {
        "rho_DFT": 1.6628738625917803,
        "HOF_DFT_kJmol": 82.94079162228445,
        "rho_exp": 1.94,
        "HOF_exp_kJmol": -141.0,
        "rho_cal": 1.8998085429327396,
        "HOF_cal_kJmol": -123.71349434779586,
        "rho_residual": -0.04019145706726035,
        "HOF_residual_kJmol": 17.28650565220414
      },
      "HMX": {
        "rho_DFT": 1.6890885115141654,
        "HOF_DFT_kJmol": 377.9019101574031,
        "rho_exp": 1.91,
        "HOF_exp_kJmol": 75.0,
        "rho_cal": 1.9362987851915203,
        "HOF_cal_kJmol": 171.2476241873228,
        "rho_residual": 0.026298785191520402,
        "HOF_residual_kJmol": 96.2476241873228
      },
      "PETN": {
        "rho_DFT": 1.6261144496338866,
        "HOF_DFT_kJmol": -307.15581432250656,
        "rho_exp": 1.77,
        "HOF_exp_kJmol": -538.0,
        "rho_cal": 1.8486402099867012,
        "HOF_cal_kJmol": -513.8101002925869,
        "rho_residual": 0.07864020998670118,
        "HOF_residual_kJmol": 24.189899707413133
      },
      "FOX7": {
        "rho_DFT": 1.61301125085198,
        "HOF_DFT_kJmol": 41.630803530310914,
        "rho_exp": 1.89,
        "HOF_exp_kJmol": -134.0,
        "rho_cal": 1.8304008317164688,
        "HOF_cal_kJmol": -165.0234824397694,
        "rho_residual": -0.05959916828353107,
        "HOF_residual_kJmol": -31.023482439769396
      },
      "NTO": {
        "rho_DFT": 1.6541724215941456,
        "HOF_DFT_kJmol": 7.197726095627331,
        "rho_exp": 1.93,
        "HOF_exp_kJmol": -129.0,
        "rho_cal": 1.887696319307534,
        "HOF_cal_kJmol": -199.45655987445298,
        "rho_residual": -0.04230368069246593,
        "HOF_residual_kJmol": -70.45655987445298
      }
    }
  },
  "loo_residual": {
    "loo_rho_rms_g_cm3": 0.07797133315174277,
    "loo_hof_rms_kJmol": 64.59929954378325,
    "per_anchor": {
      "RDX": {
        "rho_pred": 1.8674701745752142,
        "rho_err": 0.047470174575214186,
        "HOF_pred_kJmol": 26.507215320738766,
        "HOF_err_kJmol": -43.492784679261234,
        "fit_a": 1.2205322592627184,
        "fit_b": -0.12472128432389751,
        "fit_c": -213.90308341662384
      },
      "TATB": {
        "rho_pred": 1.8872633358448074,
        "rho_err": -0.052736664155192514,
        "HOF_pred_kJmol": -120.25619321735502,
        "HOF_err_kJmol": 20.74380678264498,
        "fit_a": 1.1660706870004867,
        "fit_b": -0.05176513150274269,
        "fit_c": -203.19698483963947
      },
      "HMX": {
        "rho_pred": 1.9829598484277333,
        "rho_err": 0.0729598484277334,
        "HOF_pred_kJmol": 190.49714902478735,
        "HOF_err_kJmol": 115.49714902478735,
        "fit_a": 2.1973301617655077,
        "fit_b": -1.7285252838139484,
        "fit_c": -187.40476113261576
      },
      "PETN": {
        "rho_pred": 1.877891936103921,
        "rho_err": 0.107891936103921,
        "HOF_pred_kJmol": -508.97212035110425,
        "HOF_err_kJmol": 29.02787964889575,
        "fit_a": 0.8322494502980757,
        "fit_b": 0.5245590792743609,
        "fit_c": -201.8163060285977
      },
      "FOX7": {
        "rho_pred": 1.7813780982752632,
        "rho_err": -0.10862190172473674,
        "HOF_pred_kJmol": -171.22817892772326,
        "HOF_err_kJmol": -37.22817892772326,
        "fit_a": 2.3222273963236426,
        "fit_b": -1.9644008190314723,
        "fit_c": -212.85898245803418
      },
      "NTO": {
        "rho_pred": 1.8782305819310983,
        "rho_err": -0.051769418068901674,
        "HOF_pred_kJmol": -213.54787184934358,
        "HOF_err_kJmol": -84.54787184934358,
        "fit_a": 1.286283624424683,
        "fit_b": -0.24950431594037387,
        "fit_c": -220.7455979449709
      }
    }
  },
  "note": "6-anchor calibration: RDX/TATB cached + HMX/PETN/FOX-7/NTO computed on vast.ai (RTX 4090). Cross-pod consistency verified <= 0.0002 g/cm3 rho, 0.0 kJ/mol HOF."
}