{
  "a_rho": 4.275156828413768,
  "b_rho": -5.172046548450029,
  "c_hof_kJmol": -16763.250613663018,
  "anchors_used": [
    "RDX",
    "TATB"
  ]
}