{
  "id": "E9",
  "smiles": "n1n[nH][nH]1",
  "name": "E9",
  "predicted": null,
  "errors": [],
  "formula": "H2N4",
  "n_atoms": 6,
  "opt": {
    "atoms_opt": [
      [
        "N",
        -0.642662471474476,
        1.0620551540777083,
        -0.42160482071080974
      ],
      [
        "N",
        0.6101849888880229,
        1.096245098405734,
        -0.15353177066534365
      ],
      [
        "N",
        0.6761043415001862,
        -0.29148909311215787,
        0.06057780959418232
      ],
      [
        "N",
        -0.6666573235164901,
        -0.3423382658905683,
        -0.4781473791168467
      ],
      [
        "H",
        1.367673531717545,
        -0.7609840463452476,
        -0.5332935017353364
      ],
      [
        "H",
        -1.3447502086613154,
        -0.762598365158742,
        0.16602748695617128
      ]
    ],
    "E_b3lyp_631gss_hartree": -220.05461992738566,
    "backend": "gpu",
    "elapsed_s": 14.5420401096344
  },
  "freq": {
    "freqs_cm1": [
      634.0875195120582,
      747.4454041697753,
      867.8658064439021,
      1009.4912738458934,
      1075.0966898898607,
      1147.876164907818,
      1184.811440283418,
      1329.8058590892092,
      1375.7049858684288,
      1476.395475505401,
      3439.0340994488593,
      3449.010609898063
    ],
    "freqs_au": [
      0.0028891183286535714,
      0.003405615392834914,
      0.003954291688532609,
      0.004599585470674998,
      0.004898506052012769,
      0.005230114085216088,
      0.005398403757820949,
      0.006059047628002527,
      0.006268179655311758,
      0.006726959760864279,
      0.015669408628682817,
      0.01571486500230294
    ],
    "ZPE_kJmol": 106.08868923563354,
    "n_imag": 0,
    "min_real_freq_cm1": 634.0875195120582,
    "backend": "gpu"
  },
  "sp": {
    "E_wb97xd_def2tzvp_hartree": -220.21134906836943,
    "backend": "gpu",
    "elapsed_s": 0.7206969261169434
  },
  "HOF_kJmol_b3lyp": 535.7503565592601,
  "HOF_kJmol_wb97xd": 506.88407061451426,
  "rho_dft": 1.4530287926323289,
  "kamlet_jacobs_dft": {
    "D_kms": null,
    "P_GPa": null,
    "N": NaN,
    "M": NaN,
    "Q": NaN
  },
  "_elapsed_s": 26.414407968521118
}