{
  "id": "R3",
  "smiles": "O=[N+]([O-])N=NNC=NN[N+](=O)[O-]",
  "name": "merged-rank3 polyazene chain (chemist-rejected)",
  "predicted": {
    "rho": 1.9,
    "HOF": 129,
    "D": 9.28,
    "P": 37.18,
    "MW": 177,
    "comp": 0.761
  },
  "errors": [],
  "formula": "C1H3N7O4",
  "n_atoms": 15,
  "opt": {
    "atoms_opt": [
      [
        "O",
        -4.87390990646166,
        0.518726275807576,
        -0.8323134075318941
      ],
      [
        "N",
        -3.680401558572969,
        0.6971528213681223,
        -0.9578559938458857
      ],
      [
        "O",
        -3.0934978721355,
        1.4556474775210329,
        -1.6981890473021048
      ],
      [
        "N",
        -2.8899274953346303,
        -0.19801799887596022,
        -0.014434049852181484
      ],
      [
        "N",
        -1.6754125180616628,
        0.027618337736750022,
        -0.19802136408357823
      ],
      [
        "N",
        -0.900039146217726,
        -0.7075768254251236,
        0.5898290679807376
      ],
      [
        "C",
        0.49320921818112534,
        -0.6385617135084591,
        0.5570259293164653
      ],
      [
        "N",
        1.0733277354232795,
        0.13566777372299382,
        -0.27651660801545785
      ],
      [
        "N",
        2.4273613440187023,
        0.2124659759872773,
        -0.38713104900687556
      ],
      [
        "N",
        3.336462803232797,
        0.09251802201622078,
        0.6932099173889158
      ],
      [
        "O",
        4.413086200596542,
        0.6415936256365581,
        0.5086222323961404
      ],
      [
        "O",
        2.9877431666354473,
        -0.5767440214875496,
        1.6588101019665202
      ],
      [
        "H",
        -1.3515357310768077,
        -1.3426452020082227,
        1.2465860182794313
      ],
      [
        "H",
        0.9666721798082587,
        -1.2795533990551407,
        1.2914187379099353
      ],
      [
        "H",
        2.7297822554230393,
        0.9957136220538287,
        -0.9573898694070704
      ]
    ],
    "E_b3lyp_631gss_hartree": -723.701173710968,
    "backend": "gpu",
    "elapsed_s": 45.798962116241455
  },
  "freq": {
    "freqs_cm1": [
      0.006471700096053891,
      0.007851630600754349,
      0.012304010424814075,
      0.01944989369155743,
      0.02631717798709562,
      0.033755428324244045,
      0.04122471694528305,
      0.0455982148953114,
      0.053845608522249545,
      0.06564513184306882,
      0.07670055103462166,
      0.07812872524993036,
      0.09581230046956118,
      0.11099700728474658,
      0.12100020950994148,
      0.12799269421118223,
      0.14390873213183933,
      0.14514918420388548,
      0.1467564786828596,
      0.1532357241295961,
      0.15880695293228037,
      0.17645610944685453,
      0.18486297435808674,
      0.19014863003978916,
      0.20641481419887575,
      0.23381046708179523,
      0.2465807962166927,
      0.26155549718896715,
      0.26388615575816166,
      0.27237344280691306,
      0.2860295190341501,
      0.29793562601605916,
      0.3075490810218471,
      0.332119896129345,
      0.3376307000197572,
      0.34063173717196027,
      0.6313078981572259,
      0.682577913528599,
      0.6975491355844469
    ],
    "freqs_wavenumber": [
      33.26769110795132,
      40.36120611937869,
      63.248607340645066,
      99.98192836651425,
      135.2831149641058,
      173.51934515511127,
      211.9151272452571,
      234.39703720760497,
      276.79265807297264,
      337.4479559439967,
      394.2781961088268,
      401.61970729414907,
      492.52189827324133,
      570.5786883584944,
      622.000020740857,
      657.9447984136967,
      739.7609866406073,
      746.137514562878,
      754.3997911598158,
      787.7062690459065,
      816.3450990517089,
      907.0703611201337,
      950.2857420713741,
      977.4565871216697,
      1061.072697583819,
      1201.8996988790955,
      1267.545411551363,
      1344.5226693021239,
      1356.5033897012875,
      1400.1321796160953,
      1470.3310638244925,
      1531.534253634522,
      1580.9520954482598,
      1707.2580544906511,
      1735.5862710120746,
      1751.013063895115,
      3245.2301309065006,
      3508.7829855134014,
      3585.742359939015
    ],
    "ZPE_kJmol": 234.2773438481158,
    "n_imag": 0,
    "min_real_freq_cm1": 33.26769110795132,
    "backend": "gpu",
    "ZPE_kJmol_pre_unit_fix": 10003.642582314546
  },
  "sp": {
    "E_wb97xd_def2tzvp_hartree": -724.1731114700386,
    "backend": "gpu",
    "elapsed_s": 3.363635301589966
  },
  "HOF_kJmol_b3lyp": 560.124002312934,
  "HOF_kJmol_wb97xd": 521.738029337308,
  "rho_dft": 1.6419050640968376,
  "kamlet_jacobs_dft": {
    "D_kms": 8.979637557942565,
    "P_GPa": 33.79156816402397,
    "N": 0.03529478201942625,
    "M": 32.64,
    "Q": 1591.9098091914198
  },
  "HOF_kJmol_b3lyp_pre_unit_fix": 10329.489240779363,
  "HOF_kJmol_wb97xd_pre_unit_fix": 10291.103267803737,
  "kamlet_jacobs_dft_pre_unit_fix": {
    "D_kms": 8.49615449031594,
    "P_GPa": 30.250707247105037,
    "N": 0.03529478201942625,
    "M": 32.64,
    "Q": 1275.77130948109
  }
}