{
  "id": "L2",
  "smiles": "O=[N+]([O-])N=C1NC(O)ON=C1[N+](=O)[O-]",
  "name": "oxime-nitrate-imidazoline",
  "predicted": {
    "rho": 1.87,
    "HOF": -51,
    "D": 8.96,
    "P": 34.01,
    "MW": 205,
    "nNO2": 2,
    "comp": 0.769,
    "xtb_gap": null
  },
  "errors": [],
  "formula": "C3H3N5O6",
  "n_atoms": 17,
  "opt": {
    "atoms_opt": [
      [
        "O",
        3.0996954039322873,
        -0.7082204127543229,
        2.3694690751405814
      ],
      [
        "N",
        2.3826608454322415,
        -0.7969600064892823,
        1.3929837165541836
      ],
      [
        "O",
        2.745456293060183,
        -0.9080006184087535,
        0.21912209057005042
      ],
      [
        "N",
        0.9974149487122534,
        -0.8842955889352643,
        1.6760596456012922
      ],
      [
        "C",
        0.18711676836795504,
        -0.3284054917352575,
        0.8309528631202084
      ],
      [
        "N",
        -1.1409259874012405,
        -0.5785674512719604,
        0.9741804553234611
      ],
      [
        "C",
        -2.0776549699505726,
        -0.05493175471306589,
        0.024482380520728694
      ],
      [
        "O",
        -3.1939074991113685,
        -0.8398271774644017,
        0.07409002084290618
      ],
      [
        "O",
        -1.5090395517980084,
        -0.12851079910408886,
        -1.3136307798423972
      ],
      [
        "N",
        -0.29986390746591446,
        0.5222053653239245,
        -1.422769595544333
      ],
      [
        "C",
        0.45512007131189947,
        0.4902928677695456,
        -0.3874729362962084
      ],
      [
        "N",
        1.6284873757303222,
        1.3947225012404962,
        -0.45729712094341024
      ],
      [
        "O",
        2.1461196404074565,
        1.5967229061805845,
        -1.53716369545119
      ],
      [
        "O",
        1.913394782792195,
        1.9136271780143688,
        0.6209053617178992
      ],
      [
        "H",
        -1.4358013130805949,
        -1.3202938988691377,
        1.599668375024251
      ],
      [
        "H",
        -2.2779010365107917,
        1.013301098443504,
        0.1995984026307191
      ],
      [
        "H",
        -3.91100299405147,
        -0.4095068272405205,
        -0.418839825992442
      ]
    ],
    "E_b3lyp_631gss_hartree": -840.8721512464818,
    "backend": "gpu",
    "elapsed_s": 50.082924127578735
  },
  "freq": {
    "freqs_cm1": [
      0.009171390066166867,
      0.014032154221390002,
      0.017499283431106443,
      0.01896367737637725,
      0.03011279839054828,
      0.03207826301371851,
      0.03736574795925817,
      0.049895756815700146,
      0.05416700151341926,
      0.060032899904197246,
      0.06481066036848365,
      0.07068298969555606,
      0.08056280684011666,
      0.0845741937118678,
      0.09684841196459826,
      0.1062149163644975,
      0.11573117741051606,
      0.1171305611460195,
      0.12377599490995962,
      0.13868831834952397,
      0.13987841115756383,
      0.14933744174567148,
      0.1546120130694558,
      0.1615129726067316,
      0.16489834068857287,
      0.17935256491977639,
      0.1845982890346537,
      0.20084140553966087,
      0.21599231583149642,
      0.22730745260648327,
      0.236268247013566,
      0.2569687068282967,
      0.2580536132428756,
      0.2673166320840758,
      0.27097740239562795,
      0.27248355437836475,
      0.2848902976153617,
      0.2968720955383274,
      0.3143463552006831,
      0.3230217279617853,
      0.32765866673066024,
      0.3302437870298842,
      0.5884268984822718,
      0.7000384036230943,
      0.7304147440190152
    ],
    "freqs_wavenumber": [
      47.14541267723661,
      72.13210830041072,
      89.95484141045276,
      97.48253965180491,
      154.7944528306572,
      164.8978984472275,
      192.07814680475144,
      256.4884961764994,
      278.4447746104825,
      308.59834984398566,
      333.15836606145206,
      363.34499944026516,
      414.1320724025452,
      434.7525550243031,
      497.8480160875245,
      545.9964114878481,
      594.9146290014519,
      602.1081430956241,
      636.268909888868,
      712.9255167350018,
      719.043173508344,
      767.6671985891268,
      794.781064640106,
      830.2553583847354,
      847.6577994685065,
      921.9595532259073,
      948.9251305705187,
      1032.4226620535574,
      1110.305721545205,
      1168.4710366073182,
      1214.53388500761,
      1320.944332446132,
      1326.521279916744,
      1374.1377091335553,
      1392.9558518370675,
      1400.6982067329423,
      1464.4749107733146,
      1526.0671888923462,
      1615.8933959413791,
      1660.4890380414608,
      1684.3251621448437,
      1697.613939794463,
      3024.800903591661,
      3598.5384102759454,
      3754.6875973956735
    ],
    "ZPE_kJmol": 11235.368007474242,
    "n_imag": 0,
    "min_real_freq_cm1": 47.14541267723661,
    "backend": "gpu"
  },
  "sp": {
    "E_wb97xd_def2tzvp_hartree": -841.432697738294,
    "backend": "gpu",
    "elapsed_s": 5.261728048324585
  },
  "HOF_kJmol_b3lyp": 11159.98156373986,
  "HOF_kJmol_wb97xd": 11089.557597363222,
  "rho_dft": 1.6985155360108133,
  "kamlet_jacobs_dft": {
    "D_kms": 11.166045045238961,
    "P_GPa": 53.379534082004575,
    "N": 0.030475020235413434,
    "M": 13.52,
    "Q": 11232.381858195147
  }
}