{
  "id": "L3",
  "smiles": "O=C1N=C([N+](=O)[O-])C(N[N+](=O)[O-])=NON1",
  "name": "oxadiazinone-N-nitramine",
  "predicted": {
    "rho": 1.93,
    "HOF": 50,
    "D": 9.11,
    "P": 37.22,
    "MW": 218,
    "nNO2": 2,
    "comp": 0.706,
    "xtb_gap": null
  },
  "errors": [],
  "formula": "C3H2N6O6",
  "n_atoms": 17,
  "opt": {
    "atoms_opt": [
      [
        "O",
        3.282642053302637,
        0.1591162760530865,
        -0.7191114719561328
      ],
      [
        "C",
        2.3931140776007975,
        0.3617456077933992,
        0.06982518084245806
      ],
      [
        "N",
        1.397245881560794,
        1.3733739969373169,
        -0.14604487545512781
      ],
      [
        "C",
        0.1809144620274261,
        1.0616843933215825,
        -0.11842223373078346
      ],
      [
        "N",
        -0.7774658467164947,
        2.199823671378225,
        -0.42871359742469345
      ],
      [
        "O",
        -1.786891197683632,
        1.8974744221271005,
        -1.0744116798718808
      ],
      [
        "O",
        -0.47083087855619726,
        3.305126131583585,
        -0.043033512034418964
      ],
      [
        "C",
        -0.3961449042418668,
        -0.30047362560860824,
        0.18967007581400677
      ],
      [
        "N",
        -1.3434747845392012,
        -0.7538170843008508,
        -0.7100641468245589
      ],
      [
        "N",
        -2.0731931750988646,
        -1.963280730459786,
        -0.5978128106838568
      ],
      [
        "O",
        -1.6434444678545874,
        -2.8202233772892282,
        0.145713025047385
      ],
      [
        "O",
        -3.0607267861184275,
        -1.993445901025227,
        -1.3170265801011083
      ],
      [
        "N",
        0.06759901955364313,
        -1.017745100402747,
        1.1618463576663252
      ],
      [
        "O",
        1.0320185209806043,
        -0.21007368449581623,
        1.9171924088272632
      ],
      [
        "N",
        2.2722963580213538,
        -0.25747493942490096,
        1.3000454063554112
      ],
      [
        "H",
        -1.848942694760111,
        -0.05762754126329091,
        -1.254456500849899
      ],
      [
        "H",
        2.7743619850510095,
        -1.1330849793894755,
        1.4312764056590175
      ]
    ],
    "E_b3lyp_631gss_hartree": -894.9709580104329,
    "backend": "gpu",
    "elapsed_s": 66.99326181411743
  },
  "freq": {
    "freqs_cm1": [
      0.006974755993838718,
      0.01178384864990237,
      0.013033499098786278,
      0.019968155041357523,
      0.024980445641798594,
      0.02949336556127495,
      0.03306729740419517,
      0.04357779123720554,
      0.05425915196517926,
      0.056125144184734355,
      0.06279197653603642,
      0.07303445826492663,
      0.07896833736006827,
      0.09351631376723256,
      0.09756949051323084,
      0.10412416539296578,
      0.11258657825850815,
      0.11338739029017204,
      0.1263071038911177,
      0.1275656943154013,
      0.13929806589108842,
      0.14621648975448634,
      0.1472988909978287,
      0.15174502360046682,
      0.15274891617910638,
      0.15684899898878646,
      0.1588682939002319,
      0.1758772232478801,
      0.18584305099673462,
      0.18993570880462007,
      0.2105398574856138,
      0.2116217003185991,
      0.24297457395490912,
      0.2501175482194329,
      0.2619098213616085,
      0.2711440687788689,
      0.275060842417515,
      0.28828886869412723,
      0.3150929172955925,
      0.3296432882113045,
      0.3387844190064744,
      0.34179131052184847,
      0.3599990199308359,
      0.6867602722837501,
      0.6894838567961609
    ],
    "freqs_wavenumber": [
      35.85364348045746,
      60.574722426775566,
      66.99853448687577,
      102.64604416953986,
      128.4116595354984,
      151.61026633861712,
      169.98201701100038,
      224.01107537880407,
      278.9184728225611,
      288.51058182771277,
      322.7813477840725,
      375.432693377686,
      405.93572254763626,
      480.7194081597692,
      501.5547110926138,
      535.2489330088968,
      578.7498575048381,
      582.8664214539572,
      649.2800430526362,
      655.7498109412969,
      716.0599161301417,
      751.6239850185843,
      757.1880546886749,
      780.0433421485723,
      785.2038390374978,
      806.280261987416,
      816.6604215085265,
      904.0946040596546,
      955.3238134270814,
      976.362068250771,
      1082.2774295450242,
      1087.8386287138565,
      1249.0076723961158,
      1285.7260397334894,
      1346.3440681544441,
      1393.8125982365364,
      1413.9467227503867,
      1481.9452216929642,
      1619.731088788348,
      1694.5270833408733,
      1741.5169486247298,
      1756.973835786355,
      1850.5703318246794,
      3530.282346902821,
      3544.2828980594677
    ],
    "ZPE_kJmol": 244.749690986922,
    "n_imag": 0,
    "min_real_freq_cm1": 35.85364348045746,
    "backend": "gpu",
    "ZPE_kJmol_pre_unit_fix": 10450.81180514157
  },
  "sp": {
    "E_wb97xd_def2tzvp_hartree": -895.5566020063884,
    "backend": "gpu",
    "elapsed_s": 5.532078266143799
  },
  "HOF_kJmol_b3lyp": 381.509827402293,
  "HOF_kJmol_wb97xd": 322.03834068573633,
  "rho_dft": 1.7310840297029624,
  "kamlet_jacobs_dft": {
    "D_kms": 6.502082232213791,
    "P_GPa": 18.314279312565095,
    "N": 0.02980489258775248,
    "M": 14.0,
    "Q": 1237.2828785845384
  },
  "HOF_kJmol_b3lyp_pre_unit_fix": 10587.57194155694,
  "HOF_kJmol_wb97xd_pre_unit_fix": 10528.100454840383,
  "kamlet_jacobs_dft_pre_unit_fix": {
    "D_kms": 6.828919277189494,
    "P_GPa": 20.201744589220336,
    "N": 0.02980489258775248,
    "M": 14.0,
    "Q": 1505.452608620473
  }
}