{
  "id": "R2",
  "smiles": "O=[N+]([O-])N=C1NC(O)ON=C1[N+](=O)[O-]",
  "name": "merged-rank2 N-nitroimine (chemist-rejected)",
  "predicted": {
    "rho": 1.87,
    "HOF": -51,
    "D": 8.96,
    "P": 34.01,
    "MW": 205,
    "comp": 0.769
  },
  "errors": [],
  "formula": "C3H3N5O6",
  "n_atoms": 17,
  "opt": {
    "atoms_opt": [
      [
        "O",
        3.0996952815245016,
        -0.708220311117245,
        2.3694692738052208
      ],
      [
        "N",
        2.3826607740676,
        -0.7969599158391245,
        1.392983862464417
      ],
      [
        "O",
        2.745456310904948,
        -0.9080004084798967,
        0.2191222600165218
      ],
      [
        "N",
        0.9974148771166826,
        -0.8842956295369113,
        1.676059678547072
      ],
      [
        "C",
        0.18711670035570468,
        -0.3284055313656975,
        0.8309528928571973
      ],
      [
        "N",
        -1.1409260456570176,
        -0.5785675471505088,
        0.9741804693223318
      ],
      [
        "C",
        -2.077655012688019,
        -0.05493188408311383,
        0.02448234810958596
      ],
      [
        "O",
        -3.1939075403869035,
        -0.8398273208068872,
        0.07408995462442812
      ],
      [
        "O",
        -1.5090395760670046,
        -0.12851092096777153,
        -1.3136308048880263
      ],
      [
        "N",
        -0.2998639535615187,
        0.5222053085896226,
        -1.4227695920214065
      ],
      [
        "C",
        0.4551199693683569,
        0.49029288227785056,
        -0.3874728897421552
      ],
      [
        "N",
        1.6284872308830045,
        1.3947225990581364,
        -0.4572970645096696
      ],
      [
        "O",
        2.146119527349449,
        1.5967229966542422,
        -1.5371636253364194
      ],
      [
        "O",
        1.9133945568462483,
        1.913627347679205,
        0.6209053980706385
      ],
      [
        "H",
        -1.435801353820413,
        -1.320294030219037,
        1.599668357498536
      ],
      [
        "H",
        -2.2779011285489865,
        1.0133009679059117,
        0.19959836227453187
      ],
      [
        "H",
        -3.911003041454898,
        -0.4095069583681695,
        -0.41883988087934326
      ]
    ],
    "E_b3lyp_631gss_hartree": -840.8721512464839,
    "backend": "gpu",
    "elapsed_s": 65.73131203651428
  },
  "freq": {
    "freqs_cm1": [
      0.009171424583341437,
      0.014032176787479476,
      0.017499299004968646,
      0.01896369325232528,
      0.030112813988986353,
      0.032078264332878755,
      0.03736575311626762,
      0.04989576228751876,
      0.0541670043902386,
      0.06003291016243427,
      0.06481067445390121,
      0.0706829895178111,
      0.08056280659460666,
      0.08457419133296028,
      0.0968484160883464,
      0.10621491816188101,
      0.11573117754518357,
      0.1171305569148485,
      0.12377599278130422,
      0.13868832550972512,
      0.13987842423039992,
      0.149337463916397,
      0.15461201261707125,
      0.16151297285849062,
      0.16489834389259458,
      0.17935257531440646,
      0.1845982931695919,
      0.2008413980642034,
      0.2159923129632656,
      0.22730744598643424,
      0.23626824559945053,
      0.256968697175107,
      0.2580536241360097,
      0.2673166190431009,
      0.2709773997090983,
      0.2724835574647066,
      0.2848902954105562,
      0.29687208833581114,
      0.3143463677714895,
      0.3230217351176153,
      0.3276586650123622,
      0.3302437932845636,
      0.588426885507264,
      0.7000384147676258,
      0.7304147430079315
    ],
    "freqs_wavenumber": [
      47.14559011232855,
      72.13222430110343,
      89.95492146769114,
      97.48262126191156,
      154.7945330142275,
      164.89790522835378,
      192.07817331429217,
      256.4885243043126,
      278.44478939873534,
      308.5984025763211,
      333.1584384673599,
      363.3449985265695,
      414.1320711405042,
      434.7525427955596,
      497.8480372855989,
      545.996420727275,
      594.9146296937085,
      602.1081213453441,
      636.2688989465422,
      712.9255535419237,
      719.0432407090899,
      767.6673125574561,
      794.7810623146291,
      830.2553596788994,
      847.6578159387388,
      921.9596066593695,
      948.9251518261152,
      1032.4226236260643,
      1110.305706801101,
      1168.4710025770412,
      1214.5338777383677,
      1320.9442828240349,
      1326.5213359127595,
      1374.1376420965914,
      1392.9558380269962,
      1400.6982225982429,
      1464.4748994395404,
      1526.0671518679042,
      1615.8934605614477,
      1660.489074825913,
      1684.3251533119546,
      1697.6139719465616,
      3024.8008368938,
      3598.5384675642663,
      3754.68759219821
    ],
    "ZPE_kJmol": 263.12337814694655,
    "n_imag": 0,
    "min_real_freq_cm1": 47.14559011232855,
    "backend": "gpu",
    "ZPE_kJmol_pre_unit_fix": 11235.36824687462
  },
  "sp": {
    "E_wb97xd_def2tzvp_hartree": -841.4326977381739,
    "backend": "gpu",
    "elapsed_s": 5.013700008392334
  },
  "HOF_kJmol_b3lyp": 187.7369344071085,
  "HOF_kJmol_wb97xd": 117.31583100397438,
  "rho_dft": 1.6985154539154181,
  "kamlet_jacobs_dft": {
    "D_kms": 6.810262681463065,
    "P_GPa": 19.856547628323252,
    "N": 0.030475020235413434,
    "M": 13.52,
    "Q": 1554.2821859612557
  },
  "HOF_kJmol_b3lyp_pre_unit_fix": 11159.98180313478,
  "HOF_kJmol_wb97xd_pre_unit_fix": 11089.560699731646,
  "kamlet_jacobs_dft_pre_unit_fix": {
    "D_kms": 7.123769442023768,
    "P_GPa": 21.726797926288018,
    "N": 0.030475020235413434,
    "M": 13.52,
    "Q": 1860.8605805147654
  }
}