{
  "dntf_rho_dft": 1.777228,
  "dntf_hof_dft": 331.786,
  "dntf_rho_cal_6anchor": 2.058901,
  "dntf_hof_cal_6anchor": 125.086,
  "residual_rho": 0.121901,
  "residual_hof": -67.914,
  "new_7anchor_rho_slope": 0.851828,
  "new_7anchor_rho_intercept": 0.464596,
  "new_7anchor_hof_intercept": -196.998,
  "new_7anchor_loo_rms_rho": 0.054872,
  "new_7anchor_loo_rms_hof": 27.726,
  "dntf_rho_exp": 1.937,
  "dntf_hof_exp": 193.0,
  "dntf_D_exp_kms": 9.25,
  "anchor_names_7": [
    "RDX",
    "TATB",
    "HMX",
    "PETN",
    "FOX-7",
    "NTO",
    "DNTF"
  ],
  "formula": "C4N6O6",
  "n_atoms": 16,
  "freq_n_imag": 0,
  "freq_min_real_cm1": 28.738266295495862,
  "zpe_kJmol": 203.54634920777988,
  "elapsed_s": 59.03852391242981,
  "cal6_rho_slope": 1.392,
  "cal6_rho_intercept": -0.415,
  "cal6_hof_offset": -206.7,
  "E_b3lyp_631gss_hartree": -931.9082879522409,
  "E_wb97xd_def2tzvp_hartree": -932.5068115031416
}