{
  "RDX": {
    "rho": 1.806,
    "HOF_kJmol": 66.0,
    "formula": "C3H6N6O6",
    "D_CJ_kms": 2.5009765625,
    "P_CJ_GPa": 5.339642889414395,
    "T_CJ_K": 4591.705322265625,
    "M2": 0.9546841294481239,
    "products_mole_fraction": {
      "CO2": 0.07779901018257757,
      "CO": 0.2528476742794128,
      "H2O": 0.23736917944192976,
      "N2": 0.32727599629131465,
      "NO": 0.004412547780475461,
      "NH3": 0.002462630722815754,
      "CH4": 8.144656985325109e-05,
      "H2": 0.0819663112275753,
      "O2": 0.00035380518136626413,
      "OH": 0.010190524765881068,
      "H": 0.004881077510935651,
      "O": 0.00033070506809708443,
      "N": 2.9090977765693058e-05
    },
    "top_products": [
      [
        "N2",
        0.32727599629131465
      ],
      [
        "CO",
        0.2528476742794128
      ],
      [
        "H2O",
        0.23736917944192976
      ],
      [
        "H2",
        0.0819663112275753
      ],
      [
        "CO2",
        0.07779901018257757
      ]
    ]
  },
  "TATB": {
    "rho": 1.937,
    "HOF_kJmol": -154.0,
    "formula": "C6H6N6O6",
    "D_CJ_kms": 1.9547119140625,
    "P_CJ_GPa": 3.460061752598389,
    "T_CJ_K": 2738.189697265625,
    "M2": 0.9562124400174146,
    "products_mole_fraction": {
      "CO2": 0.018840845097353932,
      "CO": 0.4845365575017346,
      "H2O": 0.033983497342414674,
      "N2": 0.27469370640158186,
      "NO": 1.062394677410939e-06,
      "NH3": 0.0068232705614120525,
      "CH4": 0.05283434938146536,
      "H2": 0.12815084919800743,
      "O2": 5.994977053525653e-10,
      "OH": 8.93773664008741e-06,
      "H": 0.00012691195340130607,
      "O": 5.611238349539966e-09,
      "N": 6.220575511911516e-09
    },
    "top_products": [
      [
        "CO",
        0.4845365575017346
      ],
      [
        "N2",
        0.27469370640158186
      ],
      [
        "H2",
        0.12815084919800743
      ],
      [
        "CH4",
        0.05283434938146536
      ],
      [
        "H2O",
        0.033983497342414674
      ]
    ]
  },
  "L1": {
    "rho": 2.5289657575547313,
    "HOF_kJmol": 23.851567671332305,
    "formula": "C3N4O7",
    "D_CJ_kms": 2.226318359375,
    "P_CJ_GPa": 5.984952670143926,
    "T_CJ_K": 5114.593505859375,
    "M2": 0.9519670465066343,
    "products_mole_fraction": {
      "CO2": 0.3699194257561788,
      "CO": 0.13563430510679927,
      "H2O": 0.0,
      "N2": 0.2921744360556487,
      "NO": 0.08962678915084643,
      "NH3": 0.0,
      "CH4": 0.0,
      "H2": 0.0,
      "O2": 0.10197636220157849,
      "OH": 0.0,
      "H": 0.0,
      "O": 0.010572701840456802,
      "N": 9.597988849178631e-05
    },
    "top_products": [
      [
        "CO2",
        0.3699194257561788
      ],
      [
        "N2",
        0.2921744360556487
      ],
      [
        "CO",
        0.13563430510679927
      ],
      [
        "O2",
        0.10197636220157849
      ],
      [
        "NO",
        0.08962678915084643
      ]
    ]
  },
  "L4": {
    "rho": 2.0634253785986774,
    "HOF_kJmol": 293.1233936685003,
    "formula": "C2H2N6O4",
    "D_CJ_kms": 2.519287109375,
    "P_CJ_GPa": 6.129091079641702,
    "T_CJ_K": 5282.806396484375,
    "M2": 0.960906649147865,
    "products_mole_fraction": {
      "CO2": 0.12046628668175327,
      "CO": 0.1988705128710428,
      "H2O": 0.12279651874720864,
      "N2": 0.4626541118170455,
      "NO": 0.03216335385226111,
      "NH3": 0.00037120627395236753,
      "CH4": 1.5381436037163381e-06,
      "H2": 0.02078074417495839,
      "O2": 0.007274896209902728,
      "OH": 0.025979362695397218,
      "H": 0.005084677760396903,
      "O": 0.0033845614435788953,
      "N": 0.00017222932889867135
    },
    "top_products": [
      [
        "N2",
        0.4626541118170455
      ],
      [
        "CO",
        0.1988705128710428
      ],
      [
        "H2O",
        0.12279651874720864
      ],
      [
        "CO2",
        0.12046628668175327
      ],
      [
        "NO",
        0.03216335385226111
      ]
    ]
  },
  "L5": {
    "rho": 2.0667486011422467,
    "HOF_kJmol": -152.08057632553118,
    "formula": "C2H1N3O6",
    "D_CJ_kms": 2.079833984375,
    "P_CJ_GPa": 4.328140364339897,
    "T_CJ_K": 4322.723388671875,
    "M2": 0.9418710627101341,
    "products_mole_fraction": {
      "CO2": 0.3642542587151967,
      "CO": 0.04383372313541023,
      "H2O": 0.08941899873235916,
      "N2": 0.27219971225155304,
      "NO": 0.06771588812684218,
      "NH3": 3.3303794219514883e-06,
      "CH4": 9.42163670442109e-11,
      "H2": 0.00116818582375051,
      "O2": 0.13383769277145782,
      "OH": 0.022416183149681072,
      "H": 0.00044344719537837106,
      "O": 0.0046952497168669585,
      "N": 1.332990786582856e-05
    },
    "top_products": [
      [
        "CO2",
        0.3642542587151967
      ],
      [
        "N2",
        0.27219971225155304
      ],
      [
        "O2",
        0.13383769277145782
      ],
      [
        "H2O",
        0.08941899873235916
      ],
      [
        "NO",
        0.06771588812684218
      ]
    ]
  },
  "_caveat": "Cantera ideal-gas product EOS underpredicts D_CJ for high-density CHNO explosives by ~3x because it lacks covolume / non-ideal effects active at 30-100 GPa. RDX D_CJ predicted = 2.50 km/s vs experimental 8.75 km/s. Numbers here are only meaningful as relative comparisons between compounds on the same EOS, not as absolute predictions."
}