{
  "per_condition": [
    {
      "condition": "m1_sweep_C0_unguided_seed0",
      "n_raw": 10000,
      "n_canon_valid": 10000,
      "n_unique": 7278,
      "n_novel_vs_LM": 7264,
      "validity": 1.0,
      "uniqueness": 0.7278,
      "novelty_vs_LM": 0.998076394613905,
      "int_div1": 0.8445065612833051,
      "scaffolds_in_sample": 125,
      "pains_pass_rate": 0.8608,
      "redflags_pass_rate": 0.3006,
      "snn_to_LM": 0.32779302306145164
    },
    {
      "condition": "m1_sweep_C1_viab_sens_seed0",
      "n_raw": 10000,
      "n_canon_valid": 10000,
      "n_unique": 6395,
      "n_novel_vs_LM": 6384,
      "validity": 1.0,
      "uniqueness": 0.6395,
      "novelty_vs_LM": 0.9982799061767006,
      "int_div1": 0.8329287035183978,
      "scaffolds_in_sample": 62,
      "pains_pass_rate": 0.804,
      "redflags_pass_rate": 0.2592,
      "snn_to_LM": 0.30870497859099
    },
    {
      "condition": "m1_sweep_C2_viab_sens_hazard_seed0",
      "n_raw": 10000,
      "n_canon_valid": 10000,
      "n_unique": 5715,
      "n_novel_vs_LM": 5710,
      "validity": 1.0,
      "uniqueness": 0.5715,
      "novelty_vs_LM": 0.9991251093613298,
      "int_div1": 0.8507435755886303,
      "scaffolds_in_sample": 71,
      "pains_pass_rate": 0.7748,
      "redflags_pass_rate": 0.2456,
      "snn_to_LM": 0.2918640277272591
    },
    {
      "condition": "m1_sweep_C3_hazard_only_seed0",
      "n_raw": 10000,
      "n_canon_valid": 10000,
      "n_unique": 7320,
      "n_novel_vs_LM": 7302,
      "validity": 1.0,
      "uniqueness": 0.732,
      "novelty_vs_LM": 0.9975409836065574,
      "int_div1": 0.8582754163492474,
      "scaffolds_in_sample": 165,
      "pains_pass_rate": 0.8436,
      "redflags_pass_rate": 0.2604,
      "snn_to_LM": 0.3058191128095082
    }
  ],
  "args": {
    "results_dir": ".",
    "labelled_master": "labelled_master.csv",
    "out_dir": "results",
    "limit": 10000,
    "div_sample": 1000
  }
}